problem_id,type,headline_result,confidence,what_would_refute_it
P1,(P),"Exact ratio-sensitivity decomposition; the relaxed row is a relative-energy failure, but the package does not identify gain/phase-margin causality.",High for algebra and sealed comparison; low-to-medium for physical mechanism.,"A matched-bank experiment showing the stated energy decomposition is implemented differently, or a verified complex-response derivative incompatible with the proposition."
P2,(P),"Exact integer-delay phase/sensitivity law; the sealed one- and two-step cases are endpoint failures with guards intact, not stability failures.",High for the identity; medium for the bounded empirical boundary; low for phase attribution.,A same-bank delay sweep or complex-loop reconstruction that contradicts the exact delay placement assumption or reverses the measured endpoint ordering outside uncertainty.
P3,(P),"For an index-1 DAE, first-order authority is $B_{u,r}=f_u-f_yg_y^{-1}g_u$; it is zero under synchronous balance plus no direct/algebraic action entry.",High conditional theorem; unresolved for the implemented ANDES object.,Registered Jacobians or converged centered differences showing a material nonzero channel while all zero-channel assumptions are verified.
M3,(M),"Information cannot hurt a population optimum in a nested class; the observed sign flip is a finite-learning/implementation effect, with only bounded observation-channel evidence.",Medium.,"A controlled nested-class, equal-budget rerun in which the negative population value persists under converged optimization and matched evaluation."
M5,(M),The selected “time-varying” winners are constant schedules; endpoint improvement comes from gain-grid extension and is paid for by higher action stress in the sealed winners.,High for the constant-schedule reinterpretation; low-to-medium for a structural Pareto law.,"A lower-stress nonconstant schedule that dominates the static reference on all endpoints and guards, or complete candidate logs showing temporal variation is necessary."
M4,(M),Residual identity is locally optimal only under a zero first variation and nonpositive second variation of the regularized objective; sealed endpoint proximity alone does not prove collapse mechanism.,Medium-to-low.,"Residual-gradient/Hessian probes showing a reproducible improving direction that SAC nevertheless fails to learn, or actor logs showing a materially nonzero residual."
M1,(M),"At the projection ceiling, positive residuals exactly pin the multiplier; sealed traces are consistent with persistent violation, not an infeasibility certificate.",High for update mechanics; medium for the underlying primal-cause attribution.,"A stored negative residual followed by a multiplier that remains exactly at the ceiling under the registered update, or a feasible-primal intervention that leaves residuals positive."
M2,(M),Twin-critic minimization is generically pessimistic in return space; divergence can destabilize learning but is not formally common-channel specific or sufficient for the remaining gap.,Medium-to-low for causality; high for the signed-bias identity.,"A preregistered critic-stabilization intervention that selectively and reproducibly closes the common channel while other factors are held fixed, with head-specific gradient evidence."
C1,(P),A bounded FIR-Youla/SLS class yields an SOCP; a verified positive dual phase-I bound certifies infeasibility only for that exact class and model.,High for the conditional program; no instantiated project certificate yet.,"A primal controller with nonpositive phase-I slack in the exact class, a failed factorization/duality assumption, or independent dual verification that removes the positive lower bound."
