stage,arm,actor_source,critic_source,reward_access,seed,profile,disturbance_differential_energy,off_diagonal_response_energy,source_sha256
half,an_cn_r0,N,N,0,401,canary_eval_a,0.0003524534085770438,6.47176387358027e-05,e97cc24ae7969f92eed72d11b4abc381625020665487b6f0827fc6b0cb29cb52
half,an_cn_r0,N,N,0,401,canary_eval_b,0.000520594848952936,5.8297301083284085e-05,410c7e7023dbe14dee8c089943d22d718f01825f8435a6898500c1434770ecc4
half,an_cn_r0,N,N,0,401,canary_eval_c,0.0006013418034281677,7.263311128721564e-05,6a6cff08654167f45ecb9706f1f93fd496abd719a012e2bcc2b1b1bf40dbf819
half,an_cn_r0,N,N,0,401,canary_eval_d,0.00022266457704322274,9.097605161170332e-05,d784c72525abaf6a0e6761b2ebbccc461ad4099a29071fb36e08e0660157915d
half,an_cn_r0,N,N,0,402,canary_eval_a,0.0003110026431294658,0.00013124080480967653,180faf57ceb0fdcbd5408bea8e6da3e4a36eee879136db5ef4cd29be2c2c951d
half,an_cn_r0,N,N,0,402,canary_eval_b,0.0008200709253153398,0.00014923042476214219,971a645681a5731b90b5e4c0b6b4aa5962481d34201bd88b80b950d78dd57c06
half,an_cn_r0,N,N,0,402,canary_eval_c,0.001122197225646459,0.00018261859855360285,3132618cd2e7d706b18b69e05aba66c76ee29aa350a0986919cc20bd44943f32
half,an_cn_r0,N,N,0,402,canary_eval_d,0.0004987430135717899,0.000247846823497688,0c00103bf75fdd6ff009b6714d4dab27726b4b7e74770aa9d0f7f16cff1d4227
half,an_cn_r0,N,N,0,403,canary_eval_a,0.00040286057920000404,6.5087836837202e-05,9427bd097c18eacbdad101e9c01575d85172e2075854280d8142ffa1d8935100
half,an_cn_r0,N,N,0,403,canary_eval_b,0.000799602558491713,0.00010117256667943256,bb44259db0b5c38295f134cfc0de61eb2559c92b439fa6a0d3d1b5371803a2ab
half,an_cn_r0,N,N,0,403,canary_eval_c,0.0008390971526890322,9.250051168787149e-05,644608aeadeb5e490e017a8a0d79ecf2bbd73b47bf330cb18f215a95134fdc87
half,an_cn_r0,N,N,0,403,canary_eval_d,0.00038324353397642635,9.699409262923748e-05,9c9d4ebb531d30a01e649d0ca4081f6ea56f3e0deafd7454f6ce7f35b8fca06b
half,an_cn_r0,N,N,0,404,canary_eval_a,0.00037489592265263385,0.00013054757990077373,87f959a6ba13e92a2eb064b7f817dc0fc3efc6a4681df38bcbe78fdfc9b92271
half,an_cn_r0,N,N,0,404,canary_eval_b,0.0009618941856725528,0.0001087599776408532,252e7dc20bb213a3760c58f0821ef6e7bf875e86f806e498871da3d7e11fd96d
half,an_cn_r0,N,N,0,404,canary_eval_c,0.0006158385483828857,0.0001770822369073372,a618f7da14bd633d3fb3fdd0adf3ab34f7d0c3e62a711188df556b9960fd18c8
half,an_cn_r0,N,N,0,404,canary_eval_d,0.00020997387891234486,9.146765589119601e-05,199bb8eccb5990812465a502654e8dd9093f7012acd45fef5c3507e3871814d2
half,an_cn_r0,N,N,0,405,canary_eval_a,0.00030311161256116515,8.2042591205108e-05,94ab9329cd2722574e7aedfc0f1ab98738e9015b15262d84f03306ff7c313226
half,an_cn_r0,N,N,0,405,canary_eval_b,0.0006911509184533265,8.847845753501361e-05,43746394ef398b4b61ccbfcba62545e2b368edaefa7204237202edcc888bccb3
half,an_cn_r0,N,N,0,405,canary_eval_c,0.0007280008341109307,0.00010049978165797831,015bc3c8387a4abce53294623ffa3872c49f6d7eebf92529018282c303ba62a1
half,an_cn_r0,N,N,0,405,canary_eval_d,0.00027315432317456,9.768795215471589e-05,448d02b7ce7fea9f786efc7b47a7859d4adb617de5a3fe9755741ccd6061856a
half,an_cn_r0,N,N,0,406,canary_eval_a,0.0003423945659954551,6.901355657176869e-05,2615394cf4be0c19e71f4951ee9d52d181841fe2b0502f5a38b001596b6641fb
half,an_cn_r0,N,N,0,406,canary_eval_b,0.0006276953547459432,0.0001035074574625906,8a88589591202da43fe64314182f2926143445f91a67e91e1bf2eddd5d24ad6e
half,an_cn_r0,N,N,0,406,canary_eval_c,0.0007535139235555318,7.886293205823602e-05,d07a40431dbaba41f91ee0cb4240339d23787e597d6b2230d7eb9486d4028d9a
half,an_cn_r0,N,N,0,406,canary_eval_d,0.0003419529739602734,0.0001115766549190853,d5ae3c19616372356705863571a8471971e8ce146bafaca7845fb075d4adaeaa
half,an_cn_r1,N,N,1,401,canary_eval_a,0.0003264170062626803,9.335731236694471e-05,2282edaa53f214ed79b6fc9bd88f140515422b17f1330ca708d78cce0a667c47
half,an_cn_r1,N,N,1,401,canary_eval_b,0.001010409035426829,0.00013250721189022314,be2be6d24bffa1a3ea9aca59560e4631f9952936f62fa22e6c2c420fe20a6184
half,an_cn_r1,N,N,1,401,canary_eval_c,0.0008067289572761955,0.00012678108424472956,5ee6e233f00b788f5785836176e08516961737683f67b864faed7adeac2e8dc4
half,an_cn_r1,N,N,1,401,canary_eval_d,0.0003550985224958884,0.0001393415935406592,cf7243db763801b13d5df5e19b20fb3863454c118923e26059f2ef82c4e35d2c
half,an_cn_r1,N,N,1,402,canary_eval_a,0.00031564203354783637,0.00010024273825178756,83f1dd29013c3908191b10ff0a40da69fdf3353ba8ee8042f17a3e9d1225a4fd
half,an_cn_r1,N,N,1,402,canary_eval_b,0.0006028468763778835,0.00013152773234195085,7318787f56369488dd110317d2b028cd725359c5f11fba986dc093faccb68265
half,an_cn_r1,N,N,1,402,canary_eval_c,0.0010433986406981706,0.0001238519739104381,a4b7e0731549bd0013a4365fbf7f7fff46dc49f40f065916ce0e50caf1daf737
half,an_cn_r1,N,N,1,402,canary_eval_d,0.0004711064192254336,0.00019662435400596666,bd13bec9c7f16ec62cc118cc01361ac0c5dac91c3a173f6d820fba124e258528
half,an_cn_r1,N,N,1,403,canary_eval_a,0.0002581778877649158,4.952198488412521e-05,21caae559e80fa3e4df5c98787dc9b7ef189a514577f7125b5dd6d695698dd74
half,an_cn_r1,N,N,1,403,canary_eval_b,0.000655339283752145,4.663494217629076e-05,8d1262c250ef3adef06e81a1de4268317dabc716ed475dbb62bfc73e6c20c3fa
half,an_cn_r1,N,N,1,403,canary_eval_c,0.000492974818486518,6.121987018306062e-05,a904b111d769530d764853fddeac0811027b0e0f80dc2251c213acf2c4ceba41
half,an_cn_r1,N,N,1,403,canary_eval_d,0.00017093923009017933,4.2259908017326656e-05,31b856efad969d053a5479e28d2e54a35a3d4a45cf38a38ffdc59127f4fd1b52
half,an_cn_r1,N,N,1,404,canary_eval_a,0.0002809681102772784,8.10448931749727e-05,1dc6237985c380910cfd170706e43f9e49c3d7d71f898edf714f76d88fbd3de8
half,an_cn_r1,N,N,1,404,canary_eval_b,0.0006902400491951226,7.335705719495976e-05,3a32bace6a2fe667b4a4415e971ccc27b771f19f15a22a59e50ce8ca8b82fb67
half,an_cn_r1,N,N,1,404,canary_eval_c,0.0005451168148649748,0.00010444126719677336,6057a4b7a8272818d4c6ef45b458815877c79df8aec223d809710a5eb2c34c51
half,an_cn_r1,N,N,1,404,canary_eval_d,0.00021861658308958658,7.692656118682181e-05,21ede45e9c847a283ef62f3784e1cd2e64f2226ab2fbe2892c1d0c565bb56ba0
half,an_cn_r1,N,N,1,405,canary_eval_a,0.0003059548358520584,6.21832697218145e-05,221f7eed72ab449e3e4e893f8cca434a146b949593e160202e874454f3308a9d
half,an_cn_r1,N,N,1,405,canary_eval_b,0.0005464239079524977,6.295661612472689e-05,6d0ef2f577148c5854ceea7bd4f20acf40f63ecdcb0495ed5921de98b0673987
half,an_cn_r1,N,N,1,405,canary_eval_c,0.0005704375956623711,6.86210855205967e-05,10e8f86ff13e57240245fd339033d68918584424acb6e43a62cf41747892cca1
half,an_cn_r1,N,N,1,405,canary_eval_d,0.0002322327054633038,7.108777123185242e-05,a936097f847a1f66b8d2c8ce08f3f7ca0eff284e3f4417c60bbd29729fbd5e07
half,an_cn_r1,N,N,1,406,canary_eval_a,0.0002465621065026589,6.850312663603094e-05,aed11dcc4b5d1cadc596bab32f925576e06d9d415532d2199d088a6a7a803dfe
half,an_cn_r1,N,N,1,406,canary_eval_b,0.0008113464523806729,6.446680850526372e-05,790fa51d2ca5e3a61c47ecf196fda9abfd59854cb262ba00e5fa683f40c1ba2f
half,an_cn_r1,N,N,1,406,canary_eval_c,0.0006306938353671779,9.158683848409906e-05,d76a9bada202d696a81ee3a64c246c34b591b8b0c0c7fc5fbf7e8c82f4b7e4e9
half,an_cn_r1,N,N,1,406,canary_eval_d,0.00018590521995208111,6.235164175888552e-05,ce89bb6e639a064768b6bc0e3ee4b4ff9fabb2809d9a92aa0dc65af1a032d4de
half,an_cp_r0,N,P,0,401,canary_eval_a,0.0002866296608375292,8.156132041555941e-05,c900b5cd2ebac031bc4ac70bf2569c445ebe653d61c97e3122c0217e4f63527f
half,an_cp_r0,N,P,0,401,canary_eval_b,0.0008448538623903508,0.00011822468772101567,e5479c57e10ecafaecdc9cbd3a08472386efe753116dda787589a8fb610685d0
half,an_cp_r0,N,P,0,401,canary_eval_c,0.0009374081710473337,0.00011002933145552135,d1927a6a05aa1bf1f9058b6c2b70a4a2fa3a76b0073ebe03969de68c8681573e
half,an_cp_r0,N,P,0,401,canary_eval_d,0.00037389620189863006,0.00013953128631352928,4d8a3435959adc25b01fa690921e9ec461855c39ff40179863894bb12178a729
half,an_cp_r0,N,P,0,402,canary_eval_a,0.00038402896641674125,0.00012520557588019925,4cdf022b06128bdc2f971230d65207ec97f7fa019cfeecc0b715860858f1184a
half,an_cp_r0,N,P,0,402,canary_eval_b,0.0011186638058097215,0.0001462143628427647,ce4979da536039944809fbfdf3a7d76c71c7f0bcc12da3a99b93f58ea9ff4204
half,an_cp_r0,N,P,0,402,canary_eval_c,0.0009007052110157499,0.00015897122248686562,8ffc506698cc38cd8dd25fcd9a0f12097f2a94c57ab0210dd2862b895e8cc6cd
half,an_cp_r0,N,P,0,402,canary_eval_d,0.00028685444969955186,9.854164491624818e-05,b4f2bc439a58a2c0187511e31cd426935d456ccea3ebd79f78547996ea7927c1
half,an_cp_r0,N,P,0,403,canary_eval_a,0.00040354351611524323,9.568994080908726e-05,6c3e5cdb132f0a5ae17a0212e57d19ddd2e4415f3f8f5e53f55e0ddbdf096b4c
half,an_cp_r0,N,P,0,403,canary_eval_b,0.0008180616138326172,0.00010676935137812243,3ab9600d65ba74d239be7fe9f1ec854628426f96de12e35d3e270a823c44db09
half,an_cp_r0,N,P,0,403,canary_eval_c,0.0007256150171348718,0.00010450368461939935,15c7e21673ad9a39ffda77d68b8300664971d4a89f37fce91322ad703b0b413c
half,an_cp_r0,N,P,0,403,canary_eval_d,0.00032748858903534987,9.03810901870955e-05,40e53b284aac867645083e236234d86b22334f4372d0fe1d73b6cc9e9f8d2247
half,an_cp_r0,N,P,0,404,canary_eval_a,0.0006993896463595724,0.00038653996672236994,5d848fa1ac257267c965e7004a3867ce32da41a2536a6cc492ad6cbe499c3765
half,an_cp_r0,N,P,0,404,canary_eval_b,0.0014888239492683766,0.0003261689322393114,fc86889a2c2c7df7756e396467e46546831320a5ea9da194fb3239e6ee4b68a4
half,an_cp_r0,N,P,0,404,canary_eval_c,0.0011391653138555244,0.0004578793636467601,4869f24d578b35f10e9aa0fb32dfd94dc7146d72170451f61ab319934ad8d012
half,an_cp_r0,N,P,0,404,canary_eval_d,0.00035230657437519024,0.0002120505062910544,a025b5e1dc33043520def49b082da98300e7fe8d47ed6883af88797809d15c76
half,an_cp_r0,N,P,0,405,canary_eval_a,0.0004049719404614296,0.0001637920211311166,fe9c3265fc5a9196b013b6945bb8533d3d56503b15d9ba33c2e8d4c0c4914e36
half,an_cp_r0,N,P,0,405,canary_eval_b,0.000933259768899957,0.0002357846903288768,fda82332217b9e953af550c96f9d378edc4041068d29f212982837b56a77bc7d
half,an_cp_r0,N,P,0,405,canary_eval_c,0.0011873640640484738,0.00018793918672953285,df3a7bf70ded0ebad5c3ce00775837ddd26e7be5f3248634659c124ab1441327
half,an_cp_r0,N,P,0,405,canary_eval_d,0.0006855624253959023,0.0003009011567491509,6f286b106e462f6724f7aba2e6fe2ffdd5ff654470f651e3c64ee9f4829366f9
half,an_cp_r0,N,P,0,406,canary_eval_a,0.00026952081165775347,5.4556931854170254e-05,64fd15bba464b6687ff263c5de3c4bdd492397d243324f56eb90cac070bbdeb9
half,an_cp_r0,N,P,0,406,canary_eval_b,0.0007231131406834289,5.590053827591893e-05,0dd4f4453ca824da625086d72798fd098b78776419d173fb59b0c3c29e7c456a
half,an_cp_r0,N,P,0,406,canary_eval_c,0.0006415793740049818,7.505556859919738e-05,adc5e295932d168bf9ff4c6fd05d9cd077e0c074433cabc52608aa96398a8bce
half,an_cp_r0,N,P,0,406,canary_eval_d,0.00020204844310295044,6.105187730837564e-05,97cf18e6cee6dfba9f70261ec5451f180a74336f591cab7ca8a6562de2d78290
half,an_cp_r1,N,P,1,401,canary_eval_a,0.0004604744912944965,0.00011433876585225831,e186a96866d310a6f47bebccd9c49d1cfc811078285e440839133b59ec437261
half,an_cp_r1,N,P,1,401,canary_eval_b,0.0008334170437986788,9.618562366268282e-05,5da3010536700361ef12abe4678d61fd095a5bb781a40bff9a178e2e16b9ac84
half,an_cp_r1,N,P,1,401,canary_eval_c,0.0007376517692793467,0.000112996424663619,d5e1b4f2988e500539d1636e268a898250252abad2fc7ad5472bdb3c962b1402
half,an_cp_r1,N,P,1,401,canary_eval_d,0.0002808724452759755,0.00012961867135611742,812db6810fbd7f02d59dc6e364db507774ba1ff6c61e370d32888135d0329b8e
half,an_cp_r1,N,P,1,402,canary_eval_a,0.0003795431236424553,9.583841983394563e-05,6e548755efb1b74525e0b2e1ae2746eaa9d8d63ee093c9b2ece772fa819a41d4
half,an_cp_r1,N,P,1,402,canary_eval_b,0.001104436495132285,9.297919270680196e-05,43fb8eb7e1cbfb4d7c1eb7bc43e2363e2a2212365c6e3ccfacb9910610c39868
half,an_cp_r1,N,P,1,402,canary_eval_c,0.0008288718059816964,0.0001366514884322082,777f20a1f9ca2529b3e0c50425ca2e43e2e995bc14250a66af5ade0907092a80
half,an_cp_r1,N,P,1,402,canary_eval_d,0.00024662503043271477,7.26388020558247e-05,116d942e501bedc8851f5592d68626c33040ed202cba0d9089907100c429d74b
half,an_cp_r1,N,P,1,403,canary_eval_a,0.0006707831969772311,0.00011685687704985617,0b8b1fad70e464873f96eab79e890441873054d9716a2d5fd2a1ac681f8db52e
half,an_cp_r1,N,P,1,403,canary_eval_b,0.0009953176513985758,0.0001390062694412746,09c6537e4720d690f428b47d1ed1883673da03ec09863f6db5a64465b061e90c
half,an_cp_r1,N,P,1,403,canary_eval_c,0.0011183356650346387,0.0001876105169951869,898f9f179934de5d7122b55c8a86038e0c5dcc869b85e7634c14c5a543b98ae1
half,an_cp_r1,N,P,1,403,canary_eval_d,0.0006111724768117507,0.00019075638185611697,9f485d4c5b2a82842bd200bcd7fac24d720cb59fc67c509bcbb2f1a7b0c53882
half,an_cp_r1,N,P,1,404,canary_eval_a,0.0008496202553915211,0.00029111628928145985,6c28a4663fe53ba5a082805e50467f591664d96b74e0f71b71233be8d13abeaf
half,an_cp_r1,N,P,1,404,canary_eval_b,0.0012942802230572396,0.00018771186534688916,87ffe574ab63fa7e5b7af297ea7ef95b2d2ba40a84301a49e143b873ed29b911
half,an_cp_r1,N,P,1,404,canary_eval_c,0.001124462250547302,0.0002956089753210898,2b0b16269f8d36998fd55544663fa2122815ba1f69febf6742f3602cb6576cf0
half,an_cp_r1,N,P,1,404,canary_eval_d,0.0004041047509462428,0.00012577183772381105,e1fad66e859c1178270189bf25b54806b6da5698ca8ca40fa323db136cf67ad1
half,an_cp_r1,N,P,1,405,canary_eval_a,0.000614297956188742,0.00014659594289410092,5c29398aceee470d71ecee51ed74f91595758a2d1d9955a20ca6c8a42c07b73e
half,an_cp_r1,N,P,1,405,canary_eval_b,0.001184019253073577,0.00013041743345949708,e30faf43e7318753c9a03e2b40b23fc76dae87c5bcdcc62f8b5ee0fb77a834fa
half,an_cp_r1,N,P,1,405,canary_eval_c,0.0008635981223137858,0.00016043025108798602,c70c989ca6ed9b2d69e0bd78dbfa31f6c0df8707bb6694bccf502f33f73fa807
half,an_cp_r1,N,P,1,405,canary_eval_d,0.0004229504880431724,9.101173221344789e-05,8ad551195403d8b5f8429ed4266b50a03a50b29159aa8dd7bba591174991b758
half,an_cp_r1,N,P,1,406,canary_eval_a,0.0005070325014573546,7.828741826811844e-05,2a70b547815e5ad97cb5c9a042633d3978d3eabfc9ec94f0b37333b37dc84f24
half,an_cp_r1,N,P,1,406,canary_eval_b,0.0008468074282250286,5.7366625758202904e-05,78460c0959048745e6007b2ae53f065b9394062c265251cea052e068db22d13d
half,an_cp_r1,N,P,1,406,canary_eval_c,0.0006173754014508762,9.803342091247346e-05,1af0d8419ab419728748398398c78b6d9194310e43ba12a14f3a23483ed4429a
half,an_cp_r1,N,P,1,406,canary_eval_d,0.00025142288994421663,7.20468624476135e-05,5e51b3137a216a9a94c9396b6a57bc565e08a680705bbc5bd4b3a541d8f2e04e
half,ap_cn_r0,P,N,0,401,canary_eval_a,0.0008015987195011264,5.967437264014387e-05,cee39589e6fc4842fd4370831c18baedbfe360a058772b9e0d0b1e882294708f
half,ap_cn_r0,P,N,0,401,canary_eval_b,0.0006033121265345205,6.466444734950498e-05,943d94a1d41fc25954976127e85bece10bfaf00e32378be2ad95ddab07de1ce7
half,ap_cn_r0,P,N,0,401,canary_eval_c,0.0007272272235059239,6.964944271579173e-05,e96c85dedf6b7db673c882c8110f57b6dd77ed0e09b4451720a3e13ccde44049
half,ap_cn_r0,P,N,0,401,canary_eval_d,0.00029230115996973474,9.379730095717885e-05,2018519e9d18b0468c3a2f4e10b0895e1f4d95b8d3013f26a5e92101378d7f6e
half,ap_cn_r0,P,N,0,402,canary_eval_a,0.00020015458632382423,5.383312930519287e-05,cfd6ecf7af0390a5e12de445f4097607e1a311dc97f1870fa5c92d8efd718f3d
half,ap_cn_r0,P,N,0,402,canary_eval_b,0.0004880906694496803,6.270950611045166e-05,32db3ab2804a13a2cb6ddef88e2222c626ab1132a80f977d04316622369444da
half,ap_cn_r0,P,N,0,402,canary_eval_c,0.000580774299885397,6.443568625869192e-05,47da1849583c84c767bd2a373f0800fca4504910c5fcd30a353c172e6175380e
half,ap_cn_r0,P,N,0,402,canary_eval_d,0.0002014972217770051,8.134261066680728e-05,868f2cfe95a011171da101fb009bd938b59ee2d07a7c8464114816b5c6fe064e
half,ap_cn_r0,P,N,0,403,canary_eval_a,0.0002854669403239403,6.496155422190916e-05,940c67965baaca7747175a87c305b3edc16f4b07d6dbc2a6da2b035d4f490624
half,ap_cn_r0,P,N,0,403,canary_eval_b,0.0007228323482915273,6.757453731670823e-05,25cb58f5b08f3a8e41cab2b81732a1cb322fd81fd0d73ed8fff007bff546f0ee
half,ap_cn_r0,P,N,0,403,canary_eval_c,0.0007206976223683888,9.171524742841006e-05,6f800a341322cedf80d9d9e252b06988022dd7638173d357c2ac6520ddcb0a4d
half,ap_cn_r0,P,N,0,403,canary_eval_d,0.00022323515932567498,7.9994217712833e-05,f38aca9c62396a4576017ea52b77473cd68f4ef366fe97f3eb50fcd8e3d15a7c
half,ap_cn_r0,P,N,0,404,canary_eval_a,0.00044809614097467273,9.72393452577789e-05,21e1966abbc25f50b20eaea23839e35191794e25a083d56ee294184c7da63341
half,ap_cn_r0,P,N,0,404,canary_eval_b,0.0007300643890915967,8.253024017492395e-05,c1f2b05c32b81f178a0304ca49e9c7a5512ce5e9b9fdb266b4e422eb037770bb
half,ap_cn_r0,P,N,0,404,canary_eval_c,0.0005736065467115044,0.00012978667614959124,4ebf72288a9846522524311c8c1fbd9d545595724e0abf74554afa0685e31d57
half,ap_cn_r0,P,N,0,404,canary_eval_d,0.0002071249394125854,8.148561938904282e-05,c1262263f2dc2a1057bc08bccac9aab83f6758f1c2d2381c5f67d395a0acf2ae
half,ap_cn_r0,P,N,0,405,canary_eval_a,0.00034903004236409423,5.05183307763112e-05,420cbfd62412905d4d83eb16b01d0afad38a6230d292e37e17f6cb77c5eca607
half,ap_cn_r0,P,N,0,405,canary_eval_b,0.0006233875680417093,5.7094369695700884e-05,153d6926da319d2f5086cb0de5c97ef9b3ea734b6666f93f6a84df5f32c762ba
half,ap_cn_r0,P,N,0,405,canary_eval_c,0.0006018446710487527,6.059857027422273e-05,b4a01a71bfa89cb012ab310c198e633d3c513cd1842bbc5f21043b5b1b1f9533
half,ap_cn_r0,P,N,0,405,canary_eval_d,0.0002460608341832101,5.773967139864138e-05,56fab62da484fcb91f1ddc7210b7380f3aff5fd0313e0270c30ba40493d1fc73
half,ap_cn_r0,P,N,0,406,canary_eval_a,0.00025716032228857147,3.5422430319037504e-05,e1518ed4ba6ba74f1e795d1bd6926aa1615793a6e48a9ab8f9211f53a4a003e2
half,ap_cn_r0,P,N,0,406,canary_eval_b,0.000539459166058239,4.460761512161665e-05,11d5f09f1d56f6ce1a8735a3d73b7ad7fa5f40582a6b6405b81f85b01e25e60d
half,ap_cn_r0,P,N,0,406,canary_eval_c,0.0005018867546008841,4.3123985364479756e-05,3698f7c63c5c57648f06a2da6d298a9da0a212a284b4056d3b881b6a7d017438
half,ap_cn_r0,P,N,0,406,canary_eval_d,0.00023489083230802762,5.3688049532150454e-05,b023955132c67fcbc8b2596e5efb79e1a7911ffa4a62aabff06a703aa79874d6
half,ap_cn_r1,P,N,1,401,canary_eval_a,0.00032171261894034536,5.0499564935218084e-05,87a46e5654818a822f6ae0f0a50726fa477b683e3b75ab6966eb53dd06b59afa
half,ap_cn_r1,P,N,1,401,canary_eval_b,0.0007248365559083723,8.307546382460177e-05,a0e3a280f273e1cc16eb04bd68645a0f9e303cf61dda5b300991c32130baf739
half,ap_cn_r1,P,N,1,401,canary_eval_c,0.0007555569941147951,6.212927417548928e-05,d32fe0aa4098078d789fab7c6dca325a5120bfe67a0e6c47b0b421667bf41b29
half,ap_cn_r1,P,N,1,401,canary_eval_d,0.00031764196489795344,9.087819190336475e-05,4eb19f0e7cb56c2f2f60814ce8a0e08898d356cff1104a964e0d06925499635c
half,ap_cn_r1,P,N,1,402,canary_eval_a,0.0002965656865577747,6.360314591833939e-05,8642771e253f94e368d5f4dbab133307b9eba0475ade07ad71ef79e4cc52f195
half,ap_cn_r1,P,N,1,402,canary_eval_b,0.0005315409221547707,8.106674672600185e-05,e95fe2f37339a97fc7c11f3374a07e4e1cc55391016c2141724acf7a8814f5f0
half,ap_cn_r1,P,N,1,402,canary_eval_c,0.0006491382428557098,7.363223279432612e-05,e621547a1baa1d9f3c6b760f853a7a9ebf30bdc41f835c13ae7c5b3d2ecc0960
half,ap_cn_r1,P,N,1,402,canary_eval_d,0.00026161631958120904,9.994650907146022e-05,9692ea79d80671274a94fca8d357625f3af8caf83f127da4269bfbb6d5ac9622
half,ap_cn_r1,P,N,1,403,canary_eval_a,0.00032093794980114906,7.123577183359795e-05,acbef2fdcb9fa842ae1d6d0a804952adae07bbee3c1c821a6605b01876c75588
half,ap_cn_r1,P,N,1,403,canary_eval_b,0.000680445793683381,7.450523270467795e-05,ffab9da8df475e1712fe2e5146457643daf47ef2802567078d01027d1efe8960
half,ap_cn_r1,P,N,1,403,canary_eval_c,0.000678052628915572,8.768409603765958e-05,123f8f19e1822f42dc5b26ddd35d5420daece0d4f7259088f27567553a3a73cf
half,ap_cn_r1,P,N,1,403,canary_eval_d,0.0004119038768765948,0.00010838076493940635,3de3852dcc2615ff157b706909bdf7d01a3f42a7bf923fac1be152fe8b4da782
half,ap_cn_r1,P,N,1,404,canary_eval_a,0.0005259944258841834,0.00011321561068953122,26d63d459d9b6c705e971865531699bcad81129a116289d67afac8e55442c2ef
half,ap_cn_r1,P,N,1,404,canary_eval_b,0.0007063710794402648,5.451996779133314e-05,2d9a8a084e9161c4249e48dba4911d7d9ef80f1a0b2bd04accaf5217b65148df
half,ap_cn_r1,P,N,1,404,canary_eval_c,0.000576078406929703,8.30654561800646e-05,4739734f4964783356703d75d5337b521e56bd5aed7dd7bd3a0877ee48d52a9b
half,ap_cn_r1,P,N,1,404,canary_eval_d,0.00028867716892673907,6.790073732415006e-05,707b080fc6af22e6913bb3822d056cb587b6031b89db4983eda59c46443ae8c7
half,ap_cn_r1,P,N,1,405,canary_eval_a,0.0002986785841890164,0.00010248359674594411,2c58ce42d0ca4c6400b857f1bb82bd04e38bbe904b0a0faf07752e2ff6f1d0b8
half,ap_cn_r1,P,N,1,405,canary_eval_b,0.0007386481786252376,0.00011586698038206194,9aaa57e2f766e60dc2a82ee873d208350fd47791806694b5e98b679c20162b25
half,ap_cn_r1,P,N,1,405,canary_eval_c,0.0005112101967665667,0.00012884415648916088,d650ec1982fe412d97e4eb750da321f9a4004c5b10f95ebcbf0287d1e8baf3b7
half,ap_cn_r1,P,N,1,405,canary_eval_d,0.00022424582285564436,0.00010562797932812997,2d88a37107c405b8b34c07297497ef173dccf4c83bfc8a22a45d93847325a54b
half,ap_cn_r1,P,N,1,406,canary_eval_a,0.00022476247946968874,7.035730789484734e-05,4532da58fe5ad3ec1af86d2479a1bff6bb7ca2d1958befa9907e1e5ae39fb1de
half,ap_cn_r1,P,N,1,406,canary_eval_b,0.0006336141310598738,9.021026739388884e-05,db90fee8753eb1c1e39679e885459ea298c7611c8b36bfe16a43bf104c58c193
half,ap_cn_r1,P,N,1,406,canary_eval_c,0.0006599244916223586,8.562115354218955e-05,72bec812663f94c65e6a1645ff13196122c60b5b0eb945bafad7df5a93de8b0e
half,ap_cn_r1,P,N,1,406,canary_eval_d,0.00025975610447301134,0.00011032114645606662,291682871f9a35006859b4aba478bcea0037e89c0f591320e9875860552a9b3d
half,ap_cp_r0,P,P,0,401,canary_eval_a,0.0003133949797111654,4.9595170176824234e-05,2cf35551f3fe0c0cbacb088004a503d8365a6a93d8441e069f009ced180185e6
half,ap_cp_r0,P,P,0,401,canary_eval_b,0.0006021967022133057,5.4718345991501014e-05,f68487750fb2db248433fcc9597066ec06dc95cc297be3c86c3e01b35ed70a9c
half,ap_cp_r0,P,P,0,401,canary_eval_c,0.000702191629959647,5.612098103425104e-05,adfe37da7ddabee9678b74b2bada459fc9f8d6d71e61f4d7d129386876b21b2f
half,ap_cp_r0,P,P,0,401,canary_eval_d,0.00023522357684959354,5.666596386082118e-05,53652856233048cc8993280b634c9ed205725eb2447be3120554ea04c041ecb4
half,ap_cp_r0,P,P,0,402,canary_eval_a,0.0005277147024178586,0.00010012307069874816,0b63b04debbb50d93c006a25fa151f5904d48b85875931c5e9e9846b854c827e
half,ap_cp_r0,P,P,0,402,canary_eval_b,0.0005656303244270747,8.567918993409545e-05,352d13137d3d96eb8f89b00bacef3d5ebcdeba75210206ade9776068ad2f401a
half,ap_cp_r0,P,P,0,402,canary_eval_c,0.0008502938034386551,0.00012973293356361056,557990ceccad6071ba1b7902c46486856da89b0797e44c1515830200ce29fae3
half,ap_cp_r0,P,P,0,402,canary_eval_d,0.00033839051989697545,0.00012777032453456546,8930f90670fb5e36cb2cd93d0443e40920b4a9aa83f8bcd0117e51143d22ebbe
half,ap_cp_r0,P,P,0,403,canary_eval_a,0.000392066766947322,8.806997407709044e-05,3f47a9cdbb6e03c255a7b4c97ed6b7eafdd201de8ca233de2aeffa6b6fad4e2e
half,ap_cp_r0,P,P,0,403,canary_eval_b,0.0005558693120637695,9.280303618101723e-05,4760288339006180ae08fa4bc7688c627f718a07b678f6adfef125321181686e
half,ap_cp_r0,P,P,0,403,canary_eval_c,0.0007192598602476762,9.679283140481924e-05,a6b0a20bdc26201b08997d8cc5ad5c3d8989e4a6f0f56f1a12a8cb2d67e72bc1
half,ap_cp_r0,P,P,0,403,canary_eval_d,0.000291022988847751,0.00010006719886820073,7f09e7a2cdb40739f3a5de812eb8549a48e877922bbc3b45b862e07f6ab11c4c
half,ap_cp_r0,P,P,0,404,canary_eval_a,0.0004232295686626567,0.0001544827465703489,ad7725660367f8a0fda3ef14594568dfaf085e893c81dc1ae82c17f47fac18e8
half,ap_cp_r0,P,P,0,404,canary_eval_b,0.000916556844042668,0.0001744397979307746,7b5fd831bcd6d642e742e6a5bc35c0f91d933de1661e9a6c64db0911843966b4
half,ap_cp_r0,P,P,0,404,canary_eval_c,0.0006980852703839084,0.0001862597278166659,56935f44ecb3a75e3c4ef705e656ede03e8f44fece1ff12a3aea8b50e8fea269
half,ap_cp_r0,P,P,0,404,canary_eval_d,0.0003630312193504567,0.00016619454324567895,90fe4c8b8dd3ecceed5fab9193a04319bdf2c81870f3aeae1be5f491c197c8a0
half,ap_cp_r0,P,P,0,405,canary_eval_a,0.0004510948136083321,7.467920597887206e-05,2931966cf64c306615863a123be8f6c689b842c83fb3a9ba03fad39edb4a8659
half,ap_cp_r0,P,P,0,405,canary_eval_b,0.0006168048233376715,6.169667385515515e-05,1b5f65db203362123a3903f573e5eb731142b1e4f8d0dc188ca3402134030db4
half,ap_cp_r0,P,P,0,405,canary_eval_c,0.0008566494122835415,8.573912153015097e-05,798b9e3bb699862ed5f38b2afa45a779e2ecbd714bfcb244135b7286d85a208d
half,ap_cp_r0,P,P,0,405,canary_eval_d,0.00029563907674840125,0.00011160222656811391,7e15b0d35961556859ae7fbb5e8a8b3f9361011e824160fe4478a0332770ec7c
half,ap_cp_r0,P,P,0,406,canary_eval_a,0.00023736164281147428,5.655691204312046e-05,fcdf2a40654c9b2f337181383c1be1928780bbe479ea52451ae8b836aa98476e
half,ap_cp_r0,P,P,0,406,canary_eval_b,0.000656504214604848,5.2618169288189414e-05,31ebf4db24757f4f69b703a5a52edaaf40c741a7e46619bc6be0b0b5ca1bab32
half,ap_cp_r0,P,P,0,406,canary_eval_c,0.000553812667955878,8.16865764609954e-05,8a2c9c1804c0783dc1b33f3a9474587dbfda36a4441b8b2e59f86bdf35ee4c8e
half,ap_cp_r0,P,P,0,406,canary_eval_d,0.00018154721071873006,5.3649633708729156e-05,d9008feb4348a2c6e57bd22d5f66343ea339bd9043d114b09c96c2e1d327ea32
half,ap_cp_r1,P,P,1,401,canary_eval_a,0.00037184183018196265,5.028772886324785e-05,f654f0a4642cc7c7fe618fcca40501f5433c958d48143d8a31434404883f69dc
half,ap_cp_r1,P,P,1,401,canary_eval_b,0.000819858880736091,7.604711729840139e-05,ce3bcd08bc3a5d73d9ce233572c708387fdda805eee59f25eb5cf217c0ac389b
half,ap_cp_r1,P,P,1,401,canary_eval_c,0.000636062245583609,6.51385334150628e-05,311ad12d71ffdbb4109efdd0ff78b5f838e003d20fc206b25505da19d64773c8
half,ap_cp_r1,P,P,1,401,canary_eval_d,0.0003218794398753958,8.328922311828419e-05,ffeb4b4e603e76e602a5cef359c0da4da765c5f7156519bdf0395d85d17d4a04
half,ap_cp_r1,P,P,1,402,canary_eval_a,0.00042783979535573446,0.00017289036463256444,410fbd4af35466f087887578e05c9c830332f1f3895a1cc246f278884a672d05
half,ap_cp_r1,P,P,1,402,canary_eval_b,0.0010662505279239918,0.00017614942540677983,07b22d211b6e03def0cc1c6f76900324de13b4c6ea4a290be989a16b47c6b310
half,ap_cp_r1,P,P,1,402,canary_eval_c,0.0012534283253626739,0.00019571791826087664,ddd4897c42d7e2b7b5c1d7774c9b20e87a116f8381d2f278a5dde679734baba6
half,ap_cp_r1,P,P,1,402,canary_eval_d,0.00046515594973211205,0.0002190873111932852,1ed01825cb97cd90bb64e94d40f83dcce2c58c5be18e6e538951dac31fd4d74c
half,ap_cp_r1,P,P,1,403,canary_eval_a,0.0002530517692762368,5.740102632835196e-05,2229bc2ee32a4e7656cafd4a5293d98534bd8debc1b54b2acfafa2cc3feff438
half,ap_cp_r1,P,P,1,403,canary_eval_b,0.00058997104656335,6.648226120171751e-05,0f1b2bfd476dd307b2532c3ad59794e26db80b2683f2d94f8014a99e64a083fe
half,ap_cp_r1,P,P,1,403,canary_eval_c,0.0007330875160821705,7.380148187213497e-05,257b7a972d2df3625952c03a37d1e606e4b8d1a645d79a85c228e7aea1b69cfd
half,ap_cp_r1,P,P,1,403,canary_eval_d,0.00028181725973903135,0.00010786376796082642,507ee5d857af34d25cf09d5157b6288b1e31f7123e9bd07135bacbadf8b2da60
half,ap_cp_r1,P,P,1,404,canary_eval_a,0.000642012892763855,0.00014022087071981012,3a5e5b8c68a917110e0f943b083cee3f9f9a620224f2a31077b5a7e11abac073
half,ap_cp_r1,P,P,1,404,canary_eval_b,0.0008454295963742667,0.00011252529775811014,aef559f5a962a1c46889727ce71101ef186b50711564661af503bc4e9384591f
half,ap_cp_r1,P,P,1,404,canary_eval_c,0.0006699883213551655,0.00015437022530028776,a2d63f9f385988122a1a08b381818aaeadae6dc7c32ed7a489038768fed06048
half,ap_cp_r1,P,P,1,404,canary_eval_d,0.00027373984033316915,0.0001050834388723993,d60bf3c10103a2d40fb8378ea4759b14f429e9deb6a0159e3bae1abb19cf4694
half,ap_cp_r1,P,P,1,405,canary_eval_a,0.00035853935676505,5.291450296197755e-05,98c2a4e8c27c11620d1fb8ac8190b39d233275b7543c2f711b5a3627beb21761
half,ap_cp_r1,P,P,1,405,canary_eval_b,0.0007837204484755492,6.429365045150317e-05,8af9515a983cbd648992b7f6cbc41b8ee7420e4ebe52620c3a752587a48e8ea2
half,ap_cp_r1,P,P,1,405,canary_eval_c,0.0006493363436604416,6.972443749912106e-05,3bb2c5b277df8f3ac0c7e54f6d0e90d2012d8fdca8f099e8479ea932148d5f29
half,ap_cp_r1,P,P,1,405,canary_eval_d,0.00025398017947182857,5.217904738987334e-05,5d8ab62fc9cabffe5420f9807a896f1e7c5376565fcce81d4135c5c0d5a0eb93
half,ap_cp_r1,P,P,1,406,canary_eval_a,0.00030531024397053593,9.735280652045184e-05,87279345196f25fb9afa5ef2cd4a4d30abff5495864c8a5d78b5450051fbf2f7
half,ap_cp_r1,P,P,1,406,canary_eval_b,0.0008814523228188878,0.00012960811756444632,b5269eec29167434b6df3cc926d7642dd99e95b59fdcfac6863c79dda653983d
half,ap_cp_r1,P,P,1,406,canary_eval_c,0.0007249989766087361,0.00012866659295147085,525485252e0bc4a358d6402d8840a35314ad32a001cc5fe8979a197cd676167d
half,ap_cp_r1,P,P,1,406,canary_eval_d,0.0002770765771871644,8.677136262075267e-05,69d42f63181b0aafdcad458f84a7ac5a2ff628970858e6d22b5b7982a3e77017
final,an_cn_r0,N,N,0,401,canary_eval_a,0.00039013947747954967,6.770778629228026e-05,7a32bec04c435cb44dd185dab231b009da0cf508d434e005f9f47948b0f00115
final,an_cn_r0,N,N,0,401,canary_eval_b,0.0006711133984937397,8.201281749386607e-05,1478cdce82f72c30772727537412954dbd65b9f890657f77de8ba5c7b4fda52c
final,an_cn_r0,N,N,0,401,canary_eval_c,0.000769651376862966,7.396722683656961e-05,046a39934bf3423df5e775f382faad1b247acc3a09a2e05b862d3b9d3cbc64f2
final,an_cn_r0,N,N,0,401,canary_eval_d,0.0003511040327581202,0.00010550640565957665,165cad022476f85d22d05aa5346cc622fa1be6474045bd7caf48ee1182e04664
final,an_cn_r0,N,N,0,402,canary_eval_a,0.0004177012105189951,3.0309127347519832e-05,908b90b4b82c2f0e2f125c34ddd0b7d828f0fa5b3bd648bc3dbca4de0b3945e5
final,an_cn_r0,N,N,0,402,canary_eval_b,0.0006929214536462496,5.672802304538758e-05,6aea8b453b8fdff6a0403fa4fcbe4e91cf06d98974a5b21feb570de167cae67b
final,an_cn_r0,N,N,0,402,canary_eval_c,0.0004964730410979257,3.186367931619308e-05,a63867c583a4e8e6c3c5a12ecbfc27f86df7e07dfe8332c9a7e4b1ad3264164f
final,an_cn_r0,N,N,0,402,canary_eval_d,0.00022649143840937843,3.619097551190722e-05,a13795bea6cd4d47e49b018b2e961827db8725ce2c5f86e8bd2fb22dcb4da166
final,an_cn_r0,N,N,0,403,canary_eval_a,0.00045871609201818253,7.168486648068795e-05,7bf443fba27a4c195a300bab1994e8354781c328fe4acee4319a81c68d8e23f6
final,an_cn_r0,N,N,0,403,canary_eval_b,0.0008333884597864145,8.971582797725569e-05,8c4325d2e44e23a16e420e599d38268d8693d55a10da78b49ce6ffa7ef1dd3a4
final,an_cn_r0,N,N,0,403,canary_eval_c,0.0007850510190093803,0.00010793728200576529,5442521aaed36a6ed30ca262843f8898a5115eeaac2d6b2e407452a19d39fadd
final,an_cn_r0,N,N,0,403,canary_eval_d,0.00044975167874275484,0.00011405495344401088,1bbb3f5abcc367e610aed8ce207f72a00366a10bedfd3b9d48c2c3177eca14be
final,an_cn_r0,N,N,0,404,canary_eval_a,0.0005786482903013827,0.00012331859572380338,6d139d74726982e519e0c35c2f22dbd4aa8da2e54d95fdaa85e599e24e449083
final,an_cn_r0,N,N,0,404,canary_eval_b,0.0006277262462246399,8.267189109540204e-05,b5d8422b365ebdca46206736238e0bfef8a6a6a64148c2d9d9e877c3e5dc9dab
final,an_cn_r0,N,N,0,404,canary_eval_c,0.0005697590839680737,0.0001316724424801241,b942cf45eeb306af546df2fd64de0bfa277c05daf30e27e119900627b9246c79
final,an_cn_r0,N,N,0,404,canary_eval_d,0.00018296964689039542,5.49467825143806e-05,ec776a8f9d4c0385c66aed6e24976bfc3e63c4f4b0c0bab54e6e1f4f8b76551f
final,an_cn_r0,N,N,0,405,canary_eval_a,0.000433068920418358,6.774231139059156e-05,3edc23779123c55a5de14ef4b9aef521c5b60a593884d3f3b0a9ac8faf8df2f8
final,an_cn_r0,N,N,0,405,canary_eval_b,0.0007802012235758989,8.683962778135274e-05,2b07e86c48631dcdc6df1dc58c4dce745246e74a8eb58d5a624ebe067c032b44
final,an_cn_r0,N,N,0,405,canary_eval_c,0.0006719008918517862,8.260153032327644e-05,24641cd31f035e556df17ec77180d407387a1d086a6d7718506c0160d57b6403
final,an_cn_r0,N,N,0,405,canary_eval_d,0.0003351232600542913,7.804240556871767e-05,ad8f3a066b728a0715c7fe32e167727aa5269c3dc54603e576dae2d411b349cb
final,an_cn_r0,N,N,0,406,canary_eval_a,0.0003968296953110438,4.9923071682026766e-05,684ed1724e958007e32901f35cd6ca7dc251b10b5b1a8ef8c81076e159396bc1
final,an_cn_r0,N,N,0,406,canary_eval_b,0.000583291043553982,6.242444846072378e-05,a0ca40a2e277e6eb410645f7704ae6903f27db3c534494da97c22a93919b8233
final,an_cn_r0,N,N,0,406,canary_eval_c,0.0006049621364547641,6.423734656175389e-05,c1e62e1bfdfad57107c4abaffcdd643cc50a410d50a0002b0592cb53f1c88784
final,an_cn_r0,N,N,0,406,canary_eval_d,0.000287468129315165,7.441095709460186e-05,fdc2634553bf2193e22b90df9323f9e7dd1f3b16409d931ac1628f9ade5395c2
final,an_cn_r1,N,N,1,401,canary_eval_a,0.00026682518982591795,3.983257776543347e-05,32f11158db8548ff4f2e7399ab1ba5907ab9f92c899d06d75b2c78ece36666a7
final,an_cn_r1,N,N,1,401,canary_eval_b,0.0005638513051972073,6.026968437988746e-05,290f4b7f1ab6621ff8c923ce1a0def4bd3705cd27f54211e8487fd92722e99a0
final,an_cn_r1,N,N,1,401,canary_eval_c,0.0005162808205002756,4.8460140140028e-05,88cf159b8c32f20665316f2532a194d828304f2bfab364b1cba2380c736961d4
final,an_cn_r1,N,N,1,401,canary_eval_d,0.00021163049291924015,4.5968972480631665e-05,25227e6fc6130f7c967039276d84fb36ec46524014d9005167e685e0f1074ad7
final,an_cn_r1,N,N,1,402,canary_eval_a,0.00025002518880957823,5.776144876495402e-05,cdce1c02def35a4e26c4090e723825f0c895eaf7c100e61030435a605e7b03fb
final,an_cn_r1,N,N,1,402,canary_eval_b,0.0005603817018984148,6.289692992388662e-05,7d74f93ff5d1c42739fbf2905bcfa47770831c3db304896ed30fa9675c09fff1
final,an_cn_r1,N,N,1,402,canary_eval_c,0.0006041201883945839,9.183443211995306e-05,7c450d8a98d0f5ecd96e4b2dbb9fc77d4300deef2787013fa92fd353c233895a
final,an_cn_r1,N,N,1,402,canary_eval_d,0.0002149864945146574,7.174095917081396e-05,61f95497bc83b8d443e842124ef31b2ce948760bcb4a6d7907ee4a961ad3bc53
final,an_cn_r1,N,N,1,403,canary_eval_a,0.0003430887881355571,4.49607744523288e-05,abec7a784727ab9b44b7e10d1a01447b4df91f4aeb9b0f0a180a4955cdf1dbcb
final,an_cn_r1,N,N,1,403,canary_eval_b,0.0005601679755656413,3.8834474900037414e-05,37b669c7a7e5499c4a0c8d7e461c4700b587e9c3e5ce9e0953ad50172c1c1c5d
final,an_cn_r1,N,N,1,403,canary_eval_c,0.000509822880793158,5.601087900655421e-05,6b0f05188c82eec380b07238b8cbab78b430af4559a8bc6de50b2093111254cf
final,an_cn_r1,N,N,1,403,canary_eval_d,0.0002528580060570092,5.64510134630393e-05,59238fcfa871e27af3bec854f03115d42c073a2ff2ddba056a8970826e7fd643
final,an_cn_r1,N,N,1,404,canary_eval_a,0.00026730856270021646,6.318060146645043e-05,b9088f9d62c6de52feacfc6043cca15f58cb6973b244b725c0ebfb425b3aa529
final,an_cn_r1,N,N,1,404,canary_eval_b,0.0006409652089214042,7.446454445180449e-05,e3dd6fad94ec1f09eb58d821f58f60aae3fe6af8bf834a1c6dd627ac74804779
final,an_cn_r1,N,N,1,404,canary_eval_c,0.00047625567714127244,7.831106089585092e-05,c1e62cd93ba5c985d11894b8111f22ff5f64127af1a579ae9d862b948742e630
final,an_cn_r1,N,N,1,404,canary_eval_d,0.00021535226652387397,8.168334506391118e-05,af0dddeeb3a74e8664fd3ce535cd7bb05c74b6f21771d19c25c660f95dd62bdb
final,an_cn_r1,N,N,1,405,canary_eval_a,0.00022312774312603,4.941600317598906e-05,40c7e9c0330ddedf3e1ac64e03fb57bf9748dbc595ab8e42d873f8bcce6632e6
final,an_cn_r1,N,N,1,405,canary_eval_b,0.0004974014596280262,7.421721643648477e-05,b8d0c745d7e831e9d77920779a3d4f06ced704eda51d8e5bae93aa85c0743831
final,an_cn_r1,N,N,1,405,canary_eval_c,0.000548682509350206,5.363720253197352e-05,8ab7d042091f369d21b3a53c0b9920105bb1597c00c7ade4967f590cbdb85a23
final,an_cn_r1,N,N,1,405,canary_eval_d,0.00023463948382148025,7.763809914341585e-05,814850349815e1b75a1dda4ba72a62a25809e89491ea4bb332ac7115091456d0
final,an_cn_r1,N,N,1,406,canary_eval_a,0.00029879113745638326,3.475826937862461e-05,bedee710c7d2c4eeaaf885d06535b140f375e057538d321c336b7e2d60737a57
final,an_cn_r1,N,N,1,406,canary_eval_b,0.0006862802050867157,4.0893284564263446e-05,bd1c5dab6e02301a02bdf5716594d7c830fc7963157cb59cca0aed74c0c5d296
final,an_cn_r1,N,N,1,406,canary_eval_c,0.0005633182502672084,4.429711011662335e-05,743bf5b616588c14fca81314e209ed75619f294a17a4aa62d4727dee0958d8c1
final,an_cn_r1,N,N,1,406,canary_eval_d,0.000209630832794154,3.956188912953125e-05,8f2185538f11534ca31479dcd8afc493618910cc7d58dcd39779b355f30b4d16
final,an_cp_r0,N,P,0,401,canary_eval_a,0.00042737013097082365,6.127485752605326e-05,571f43c9e4f81db6f7d57617736410afc6cc7696bd091305f43472c78e162ddd
final,an_cp_r0,N,P,0,401,canary_eval_b,0.0007001900774083824,7.870827977386917e-05,f758eee9e8cb095f86f306b16dfe2e534a4b4e155d061c0db7dc21c185859779
final,an_cp_r0,N,P,0,401,canary_eval_c,0.0006493226279674632,7.096228923616229e-05,3793e762071e6a4008a4387da50083a603fea2cc9a3c2b844d6743d6204b6530
final,an_cp_r0,N,P,0,401,canary_eval_d,0.0003524708380291471,6.58362405885896e-05,9d91127bfa50cbf2c7e4963f7db503f7e60c5c3b56daa4481d3637d06ab0157d
final,an_cp_r0,N,P,0,402,canary_eval_a,0.00030137020030034117,9.62467679282719e-05,ec9fdbf0b257bee687a59f68c25deb031a3ecea04d1c82a96f8840b014d15127
final,an_cp_r0,N,P,0,402,canary_eval_b,0.0007253127742069195,7.902364763826382e-05,3641bcb027f09011e691adbe234f7f543824d3a96a62a9ae95f4d818e2474b38
final,an_cp_r0,N,P,0,402,canary_eval_c,0.0006182588374953136,0.00013173360736675033,f6d8482bbf8afb9206292e1bbbda9700b5c3a3f7fadf5326f7db812f2f2d2a83
final,an_cp_r0,N,P,0,402,canary_eval_d,0.00026554236877354134,9.52428608081158e-05,12f0044f5f39673667ac1207db1bebde8d823ec60606f55b9bed3485834cd893
final,an_cp_r0,N,P,0,403,canary_eval_a,0.0003882124578263899,5.5063913625767025e-05,16a74ac6ffc30de5c11aeb882ad13a1586df38a3c8b41d4d2ea4ed66175340db
final,an_cp_r0,N,P,0,403,canary_eval_b,0.0008439768127155935,9.720536457789195e-05,6240758b95ac5cf02dad6046da447e7ae230712e98025e2580b70b56ea1db77e
final,an_cp_r0,N,P,0,403,canary_eval_c,0.0007025719250671311,8.030480515122817e-05,4cf0aab920cfa5b61c195982a355578999015fc024713f12c89257ab870d510b
final,an_cp_r0,N,P,0,403,canary_eval_d,0.0004242137418898886,9.630730025145865e-05,d180dec01a96f8ffda3b6f0cbb3358768c7c2c6428973b2ef89b3e1438a8fb01
final,an_cp_r0,N,P,0,404,canary_eval_a,0.00031868527648823707,0.0001676551191763873,b8de97fb565d80fffd590a768e510a89bfd745f8e9fc18d6c9967206ecbc5cfc
final,an_cp_r0,N,P,0,404,canary_eval_b,0.0007459777464721268,0.00011886478181693016,44940d8c96c4b7c65158598c2a248af880f9ccb85291832214b202b3f700b960
final,an_cp_r0,N,P,0,404,canary_eval_c,0.0006890540915992704,0.0002050798064441667,77ee899267e712ae19801d57fabe6d645712b3c19a431ba27cc32547d0f40418
final,an_cp_r0,N,P,0,404,canary_eval_d,0.00023922920234884963,0.0001302057818137729,7ad93ee89eb6d64d0ae99a2cf372b85669f4057b7305afab2371bf2cc4fc3e0d
final,an_cp_r0,N,P,0,405,canary_eval_a,0.00048265568509830764,9.37842802226985e-05,37f044b09b1589aaa2b4d69956bd9274c5351d46a09d0ffe9f72be0c49b7610d
final,an_cp_r0,N,P,0,405,canary_eval_b,0.0006823258635148057,0.00019353770753400326,9cf481befa3edc9638ec5d3251a44312ad0ab30f4de254d2ee97c8c68eeaafeb
final,an_cp_r0,N,P,0,405,canary_eval_c,0.0007318954349749585,9.291585756616663e-05,4198b420c9b3c610194785be5880503be28c9ddfe0d4496a9ae6fed31e41f2ce
final,an_cp_r0,N,P,0,405,canary_eval_d,0.0004964350015823015,0.00018382565122930492,6f667d0521bcffd07567a45a1e2175175569e8bf13153363461a08a8078f9f39
final,an_cp_r0,N,P,0,406,canary_eval_a,0.0004926423389271005,6.878500338347584e-05,b904b117c893f7d764d16dd1e01a5d0094b516b299feda22c93ac7916f4ec428
final,an_cp_r0,N,P,0,406,canary_eval_b,0.0008436047355156782,7.206747562432715e-05,669b84f8dd37e8f9b36df6fa50cf8acbc21314f4496f7e7a4f0aac9f243cf101
final,an_cp_r0,N,P,0,406,canary_eval_c,0.0006146760748523011,7.545632494398259e-05,f9b2339d5accf50a65b2e8c7430cf84857abab0e0e836ecaa9d78408b388b87c
final,an_cp_r0,N,P,0,406,canary_eval_d,0.00033557308903562266,7.236416700280625e-05,d0cd41691197708c91dc5391bac720ef06e321b058f90bc59c629e214a4cd7d6
final,an_cp_r1,N,P,1,401,canary_eval_a,0.0002965779507028694,8.107011408730816e-05,028437a9f52dd96c30d6840139373d6f26ac3086319e32b02a696b2fc5fc0efa
final,an_cp_r1,N,P,1,401,canary_eval_b,0.0008639291264035459,0.00011411626364046963,66fad4f26a93b50d918e2b04021c2eb2127d4c3cf3ee1733b080e7e866ffb8b4
final,an_cp_r1,N,P,1,401,canary_eval_c,0.0005382662307948658,9.321562788955084e-05,bf3c0cd9187bed1cff994780d3edc63406d60ff67dc2dbe68dd3fdeb73090350
final,an_cp_r1,N,P,1,401,canary_eval_d,0.0003322981059321808,9.90678494441673e-05,9b80fd6f011b70cbcdc5060c81e9654e11391e74fa03f5982bfacc3aa17ae133
final,an_cp_r1,N,P,1,402,canary_eval_a,0.00037529325110882835,9.297514554854382e-05,38595dab4ba88167088fe1208d16d6b3256d6e372f2cc909824cf3a5c79a14f0
final,an_cp_r1,N,P,1,402,canary_eval_b,0.0009354221720422657,0.00010344901051099182,96ae5ed2f958d1e0054ad66651b0f6e6aa41a262e747e87a752d6e4ba0f5a1c4
final,an_cp_r1,N,P,1,402,canary_eval_c,0.0005797378612318685,0.00012729528325723498,ea289b3161e8d6708f1225afb94d6b8951a03c3d6aacb635b8501e66ab6bcfcb
final,an_cp_r1,N,P,1,402,canary_eval_d,0.00028259009711503996,9.755297130467617e-05,69f4df87ea90a6fd6e61bf25208f184dfe9af5c47ae8209620a6cc50cf3cc20d
final,an_cp_r1,N,P,1,403,canary_eval_a,0.0005922389484854755,5.2665670329247755e-05,2fb8df33802f45af7d2a07e18fb36086f539344beddc168ac8501f611323e044
final,an_cp_r1,N,P,1,403,canary_eval_b,0.0008297290514017853,6.196311231083061e-05,4039f142a96876d4e5d8ca7dd7afa081bd997c404cecf3d7ef3158e8176885e4
final,an_cp_r1,N,P,1,403,canary_eval_c,0.0005774996929251297,7.798429704077633e-05,29dcdbdbe5bda5fb9f27a2f35e768f03eb5f1d4522d0b2b3f7d0d8632f20aab3
final,an_cp_r1,N,P,1,403,canary_eval_d,0.00042166068560996173,6.039557941904765e-05,010cd7f5dc4f2cb167245d4aad1d34f5630f13c1beabef33725bc9ee945d1b66
final,an_cp_r1,N,P,1,404,canary_eval_a,0.00041636927682006474,0.0001100348557615243,006bf0fffe3e780b2d74fdb02b1c871df6bcb0af892a3f90e1a69777fadfc55a
final,an_cp_r1,N,P,1,404,canary_eval_b,0.0007719807361822184,0.00010021408454282593,06d368148da6fc05a433c704e4b6548e7d971f7d0b6709efe257e4c7b5e2712a
final,an_cp_r1,N,P,1,404,canary_eval_c,0.0004972992168632233,0.0001400064973138397,d53772a9404a9fe539d8fa8dc950817b64c791567ac3124be709aec4c20c10b5
final,an_cp_r1,N,P,1,404,canary_eval_d,0.0002887039091111062,0.00010247671967186831,e330f5c74c33ec7bf71434d77b837ea4e949c0943a63b03fb729b67537679b11
final,an_cp_r1,N,P,1,405,canary_eval_a,0.0004740619791895661,5.8852025595184966e-05,f9e4bfd86319d2eeb54174ee0a359833adc89e4b82e0e212835654986320bdef
final,an_cp_r1,N,P,1,405,canary_eval_b,0.0008489225992102371,0.00012957059136135013,4c0e1751a5122b82eea6043199fc0c25309ce4530ec04622007eb28f76805920
final,an_cp_r1,N,P,1,405,canary_eval_c,0.0007678347728309709,6.366877937937114e-05,796c582f20cc8510bd3b94b8eadc05364f9717e7d4e3cbdad1dcd9cbf63539be
final,an_cp_r1,N,P,1,405,canary_eval_d,0.00048232796945710596,9.732550862148469e-05,58f8621916eb5f4835f47462bacf3f782056ce2d27fb037dbd9f10c2422a15c6
final,an_cp_r1,N,P,1,406,canary_eval_a,0.0005215472186589416,4.7000917542242865e-05,f498d3e00b22b7a6adb33cecfb2439980a5554f823086886a146c2ffd82b1706
final,an_cp_r1,N,P,1,406,canary_eval_b,0.000795385521992224,9.04278829042499e-05,9072d4a6d42d10b6fed981a1fdee5e1990b346fd7c3c33d5ca0e8fb4be927b4e
final,an_cp_r1,N,P,1,406,canary_eval_c,0.0009556678627483361,7.850920362132601e-05,6fa531734eba277bc7f20384f3af7adda4dc727fd0cf8fb21cf35cb0478a2a1b
final,an_cp_r1,N,P,1,406,canary_eval_d,0.00031526879148471545,0.00010256306591621038,9bcc5301ccf70b2dfdc37d5617ac6b7c0d9017dfc49eeb1176ad7ec164195f03
final,ap_cn_r0,P,N,0,401,canary_eval_a,0.0004274019706660768,9.745193944236977e-05,6e1aed9ae65196498c712f647a4a371b47d0d2e9cf5e77487008f3dc597bd083
final,ap_cn_r0,P,N,0,401,canary_eval_b,0.0006797793520195978,0.00011276440093042252,eb22b546e0705f82d34a74644d78a96a6c5f6c1ccf9e5f16d48ee292f6c3c86f
final,ap_cn_r0,P,N,0,401,canary_eval_c,0.0007716350553572642,0.00011016154703802227,bb9c61c443ccf3e53745df75254dc0a4020befd34cacc5e58ec8afeef7930d7f
final,ap_cn_r0,P,N,0,401,canary_eval_d,0.00043704134595216025,0.00011222056135107701,b7a2d468470b718a929ea2944c358066c8587075218f0fd2875f96933a962eb3
final,ap_cn_r0,P,N,0,402,canary_eval_a,0.00028336269026470445,4.941190325337007e-05,c99599a37b60bd5003e1b5f69875f2e3fac871762386dc421b4b7c34a6ad5c56
final,ap_cn_r0,P,N,0,402,canary_eval_b,0.0005992646134860399,5.857487370100397e-05,38b28f1c7618abb59c44403fc574c1148a46926cd7b77b7ee3f21c75c6e74178
final,ap_cn_r0,P,N,0,402,canary_eval_c,0.0006154566744570327,5.937991319910245e-05,c3cbc837c0b73911d2638dda7d790c724299f9d91ed1c9f3283ac5fde4d24d14
final,ap_cn_r0,P,N,0,402,canary_eval_d,0.000196592076523453,6.789141143881122e-05,3e5bb9ce25481309bf81f1265d0a9563edcfd3966db1ddc5959c9a4724a310c9
final,ap_cn_r0,P,N,0,403,canary_eval_a,0.0006092466539243605,0.00010608994234654923,ec80424a065e00428c3b829b4105574d43fb5c2066cb9279f841d751c10a0247
final,ap_cn_r0,P,N,0,403,canary_eval_b,0.0009638608686446666,0.00011761704067343522,2d23e2e0167a09de43c86118a00d4b81e6e4152b206cd45b5e53cb94fdda8584
final,ap_cn_r0,P,N,0,403,canary_eval_c,0.0009800582634158141,0.00015045665579313983,ee329a878ab179166412a8df897d215b2b8aacb3aae9a568cfd3644f4a54ea74
final,ap_cn_r0,P,N,0,403,canary_eval_d,0.0004929796722465044,0.00011448246107015975,080eadaa0022013d7b8173e6785d173dd3f2e26a2cf9da082b43721dba425dc8
final,ap_cn_r0,P,N,0,404,canary_eval_a,0.00034766051817373977,7.173779455907355e-05,77f019f8243df7ab2162b2126c6054442432053dc95d3898f35262b2c0e4b7b6
final,ap_cn_r0,P,N,0,404,canary_eval_b,0.0006822427063798318,6.383521876004598e-05,ab8f698c8a1e87f91733f69149b459d1c081d03bbacc2e100ec63c8f2f5d52dc
final,ap_cn_r0,P,N,0,404,canary_eval_c,0.0006281264663601448,0.0001042733374564233,c0b503f18a0e780f10b3d5792a8ad8e26648a46a631bea3d46b61a57ad4de4b6
final,ap_cn_r0,P,N,0,404,canary_eval_d,0.0002512588998222671,8.901616842102264e-05,89a32651d14d789fb1bf4eea87edfa3e5c69cdb5672bb78d700233345938cc10
final,ap_cn_r0,P,N,0,405,canary_eval_a,0.0004600665579064031,8.343606083313733e-05,551e4864a6dbd6be53bc5e3f501fab2f7006c65371514397786ff63f848a964d
final,ap_cn_r0,P,N,0,405,canary_eval_b,0.0007702461057089118,8.344743593558394e-05,f618d3ba6c660961ce9860899c6cad084f1c9ee9080a564f6aaccc0df7a670dc
final,ap_cn_r0,P,N,0,405,canary_eval_c,0.000819433020613119,9.764926547592618e-05,cd0d997f6ab9f53ae50438c6b9b402e3dfa8272167e530ff064612e98ff1dccf
final,ap_cn_r0,P,N,0,405,canary_eval_d,0.000326587350032925,8.540931018922605e-05,b1b063660fc6bb648dcd142ba433f399c331b334e440db6df1b787539681ab2e
final,ap_cn_r0,P,N,0,406,canary_eval_a,0.00036783070006993863,4.381809619651729e-05,57c3a63d423add1a05282f042ecf4f01bc70cad2651d781d69b151cc8ac7e70e
final,ap_cn_r0,P,N,0,406,canary_eval_b,0.0007275578880882928,8.551657503682446e-05,166d878c116f89f3fa967a47082f92489911c9fede59c387ef8ce61c1e54f871
final,ap_cn_r0,P,N,0,406,canary_eval_c,0.0005046616806585003,5.632272612745472e-05,0bfeda58a332f2b944026932feafbdf0945d2f5d4375f7e9d89c970277064218
final,ap_cn_r0,P,N,0,406,canary_eval_d,0.0003403179667719593,8.472898931067818e-05,aa4f0f421a7fc1ec98db09ae383e836f010f1978332ad598be77d9ffbe91c54d
final,ap_cn_r1,P,N,1,401,canary_eval_a,0.00036193838467336756,4.306252340655886e-05,0a00de856e0848bab092e3c115caaf2769bc620cb5ee3ce170ccc764065e1b48
final,ap_cn_r1,P,N,1,401,canary_eval_b,0.0006397202983400237,8.070959681043152e-05,5563128034232adc1e045201f6933c9498761dd502850c9953dd5b54835b99c3
final,ap_cn_r1,P,N,1,401,canary_eval_c,0.0007176982988967204,5.9186156988028316e-05,bcaf1f59200559d7990b6e2dd0ba24f346d48188bc2ec35a41058fafa5dda680
final,ap_cn_r1,P,N,1,401,canary_eval_d,0.0003310220577705914,7.561430993528886e-05,4067adde61d3785d73a1e4ff115abd2b6ef68bab4838ad0af0930180473397be
final,ap_cn_r1,P,N,1,402,canary_eval_a,0.0002691432223758633,4.609186534513915e-05,18f735c721b802c316b52787455cfffdc07ab7f6229bddffe81fde46aa8f06d8
final,ap_cn_r1,P,N,1,402,canary_eval_b,0.000630273411407731,5.077119217462824e-05,5bbc52afa05ab43e47d37cf25d577f7425a9c5696de8f7d5ef97316a1dea9e38
final,ap_cn_r1,P,N,1,402,canary_eval_c,0.0004633363761510585,6.962406463960614e-05,43c5d57910290d7a95d060ce4ed04a82f0e0f7688d6d9a2fa5c2b788390b0f43
final,ap_cn_r1,P,N,1,402,canary_eval_d,0.00015457911056188225,3.691802524286731e-05,0e689d3db6fec55791bdc6d102eeafb10044596ac188466f48021091a03b9036
final,ap_cn_r1,P,N,1,403,canary_eval_a,0.00037533837133874043,4.269266816185953e-05,6c704fcd861f36b9ad88b3fe0a443d3f0c2cacc220526a60d34f5ceee44a8206
final,ap_cn_r1,P,N,1,403,canary_eval_b,0.0005749546673628921,3.528105606437907e-05,e5757d01a2ea55161b9036a53c889450061077b26fda8ca70a1395adcdb8d158
final,ap_cn_r1,P,N,1,403,canary_eval_c,0.0005321261763602338,4.9190588539591284e-05,9af70368fbde28a4e7b2ab0d62373c3e2c4f348df4e127965be4a14e38f4ae22
final,ap_cn_r1,P,N,1,403,canary_eval_d,0.0002486201463551928,4.026067072954774e-05,01f8eecb63f644d105e8eb582aff6707d2fe97d89a702d5f8661f35a43b3aaa8
final,ap_cn_r1,P,N,1,404,canary_eval_a,0.0005518719866224582,8.632839374735791e-05,1b4ec8d84a78d9b0a4e9de4faf39087837616049c94f5086b79e4c0fcc68adde
final,ap_cn_r1,P,N,1,404,canary_eval_b,0.0007428361758457727,5.503505491539748e-05,e76b468fc8d9fde874240f50c564705582e66aad2dbd9b043152cc4ac9583abe
final,ap_cn_r1,P,N,1,404,canary_eval_c,0.0006608525897646372,9.498334965997991e-05,90cd8f3f1a2d798dd65080232d439d63a00fb877a53a970afd41597455ceea04
final,ap_cn_r1,P,N,1,404,canary_eval_d,0.0003067961527487504,6.565813124274859e-05,494f106f677de5e402ce3363a1383b11bc90d31e6d2379221d993f491c474d50
final,ap_cn_r1,P,N,1,405,canary_eval_a,0.0004995281774269147,9.722561152908783e-05,28c86cf9f17034481b4ef067cfdc8c25211dcf9dfd220a54c7014d319aeafe26
final,ap_cn_r1,P,N,1,405,canary_eval_b,0.0005162844783566058,9.003791476111144e-05,0a8d4bd08aaf23b1ec51df60cd0b915cd62b1fb2a2b623971c8c943ed5e6b11c
final,ap_cn_r1,P,N,1,405,canary_eval_c,0.0006565699822651246,9.707676167277564e-05,9c87fb09a6d90eadb991a63d1bbc5feb61cadc8544ce2bf1a9961242e200490d
final,ap_cn_r1,P,N,1,405,canary_eval_d,0.00023950280676781455,9.523068129835303e-05,9823c36116b53c74900e022e0d9c3f05ffbc58aa4fd67d69dea025aa04d32791
final,ap_cn_r1,P,N,1,406,canary_eval_a,0.0003929885022494869,0.00010765902767290212,a26d74cc772b45f3a773866c6bf7b6d56acccf1a1fe2a7b0c1e7963fb093aa78
final,ap_cn_r1,P,N,1,406,canary_eval_b,0.0005772111178326664,0.00013400374913567846,d7ce0db49dad108d5946b994ad285b649a3d3ec85efc80e4436c43df45fc441c
final,ap_cn_r1,P,N,1,406,canary_eval_c,0.0014284139179319114,0.0001091138659082087,e434fb465b24c4c6304fdbd3aa0c69b8afec746ffdabb113ece3988393d5f524
final,ap_cn_r1,P,N,1,406,canary_eval_d,0.000491254492077968,0.00021020776764835768,fe9623dd06e169f5e81ac66153c42e8713afda52204c7d03adaf4be85edf8b02
final,ap_cp_r0,P,P,0,401,canary_eval_a,0.0003319835007990613,3.697776383205942e-05,7a59b40fa94a4013f79daada350f6169d9897e4f2280f12ce97b5cd2b8bb8dd4
final,ap_cp_r0,P,P,0,401,canary_eval_b,0.0006102291701532388,7.961545021102219e-05,8e966f9c8c949854d67321eb5542a620c6ac205492145d8e4cdbe9e300967cae
final,ap_cp_r0,P,P,0,401,canary_eval_c,0.0006121162196968424,4.466688696337541e-05,f0e9cc9c398ef3c95b3bba641efb6117e042b0d1dd2cb2991f1ddf4344e82331
final,ap_cp_r0,P,P,0,401,canary_eval_d,0.00028726685876756893,5.016221798015398e-05,46b437f0b261e5e6b1414723317e3f2922b80b676d7a135853925453d3d0b2b6
final,ap_cp_r0,P,P,0,402,canary_eval_a,0.0002784141171232146,8.932185948078627e-05,99443b9a8a4a399d8783919fe4e764369b6f8e2a22c9703d4246870681a87ecf
final,ap_cp_r0,P,P,0,402,canary_eval_b,0.0009653475789099824,8.677471433278136e-05,76255298e78706a821890ce672c4afd1956e9f10f6191f0c763be420444155f2
final,ap_cp_r0,P,P,0,402,canary_eval_c,0.0005964700567841237,0.00012854905524588563,5d1432f72226c5e5111a8607d4f121d2416055e431148c294e4fa8b2f9244e3a
final,ap_cp_r0,P,P,0,402,canary_eval_d,0.00022744839950896204,7.617031416679301e-05,5fa2246bdea99f76c49dc471604e6aef1936304b6e5e5a892cfcafb575ed275c
final,ap_cp_r0,P,P,0,403,canary_eval_a,0.0004400310095383144,5.71437865991198e-05,0d99a2f453fb96f62199e828ab9804ee53ecec0860fddf1741bacea0cb3dcc81
final,ap_cp_r0,P,P,0,403,canary_eval_b,0.0006047696474756865,5.9374560932436504e-05,0fd552c6f1d404b95970dcd0bcec37365c02db19f4f8f551c47deb8067456ec8
final,ap_cp_r0,P,P,0,403,canary_eval_c,0.0006798824637475158,6.348806860527868e-05,a9b80454d37d19df71f7a3e6bd58871ba4cdd0c6890c8ad6151aaa7d96d3bfc8
final,ap_cp_r0,P,P,0,403,canary_eval_d,0.00029416508681685176,6.552594102400243e-05,c78d84199789c4d43dc3565c2c29f72a76fdff4337957f7f7d86fe02fca07132
final,ap_cp_r0,P,P,0,404,canary_eval_a,0.0002819367123712745,5.191856327597865e-05,b4a52229861f623ddfd941ae3969b1db7c8cd81a8c29042ed7fabe23aa1f1596
final,ap_cp_r0,P,P,0,404,canary_eval_b,0.0006265525829077542,4.7317725739110315e-05,3c785b9f7afe075b5ff36248b786ec181d70bcbbb88f299878f93efc93bcef61
final,ap_cp_r0,P,P,0,404,canary_eval_c,0.0005750233634696759,6.575983554407244e-05,672f2634ae156555156bfba1074d1f037ba9fdbcdbd9241b76a49e9f32370910
final,ap_cp_r0,P,P,0,404,canary_eval_d,0.00017117049105087396,5.411925284865124e-05,477b2ef97f49f2ec3408f41154f26d7adcb7c51d7aa2df5d4abaa0435f4b1507
final,ap_cp_r0,P,P,0,405,canary_eval_a,0.00037863545763243715,8.984756753534188e-05,e670a04d9717555f927869a8e9748c5a312c77786dd8406a54e676cfeb625182
final,ap_cp_r0,P,P,0,405,canary_eval_b,0.0008267259249878744,8.192976977359691e-05,2b2e5a1fddeb2b9f168aa44381e24f17a749f9b4c9403cf7be4a1ac6b75b0f95
final,ap_cp_r0,P,P,0,405,canary_eval_c,0.0005764911081429605,0.00010785052000542828,26be6de1a46cf00fd165f07238e49df5ff29ba7f55548b6c50b0af6a4bc76b8a
final,ap_cp_r0,P,P,0,405,canary_eval_d,0.0002683760830147887,7.853537414985115e-05,9cf6fe03ade8c8cc62dc788b8d6ca393106c434735e950393ff57607525383ea
final,ap_cp_r0,P,P,0,406,canary_eval_a,0.0002127936937867968,5.0677025182873313e-05,3a46a8264b36fa00f82394dec737cfd7b9ebb38bd6da01fbf2831b997b8147ad
final,ap_cp_r0,P,P,0,406,canary_eval_b,0.0005960470322027329,7.31506475626014e-05,f3df561ced4123f2051d370b9d82bd61b76b363de44bb75eb4edba60a785285d
final,ap_cp_r0,P,P,0,406,canary_eval_c,0.0005279849055984958,6.899637916154742e-05,103c6bb59937190f7c74433f2d425b6d21d66e5a1f1755c77f3931a8c7c1b4b9
final,ap_cp_r0,P,P,0,406,canary_eval_d,0.0002282146250487922,6.614713237532342e-05,4fe6b309ab1525f6a81bf704ca8f9f11df03b976c6bba614c2c237b3d5b95541
final,ap_cp_r1,P,P,1,401,canary_eval_a,0.0002993963665550069,6.844737192620643e-05,4143571d3cb019a7d5c15609b64129792daf36984c264dfbf02cd36912d24137
final,ap_cp_r1,P,P,1,401,canary_eval_b,0.00058962182439085,5.4672321855024424e-05,c14d3289d6153470b654dd7cc732f526aac9525acd4b8c7ac5fd327e89ae955f
final,ap_cp_r1,P,P,1,401,canary_eval_c,0.0004810583501075654,7.068356209906428e-05,15b0d3f6b6472cba97a6826724b34e89602dc2c2cec384f72a090cc03c9c6bf9
final,ap_cp_r1,P,P,1,401,canary_eval_d,0.00021335387876823594,5.672802481880306e-05,6271bea941ce747bb9648411f4767611b812f7a599965c32840744c38d14b5e7
final,ap_cp_r1,P,P,1,402,canary_eval_a,0.00024651795789092703,5.9562719068944406e-05,4baa672a3da3ff3b147c4df2bbc8556591e7956631e0fda133362949a1597132
final,ap_cp_r1,P,P,1,402,canary_eval_b,0.0005710815519766732,5.659517484402895e-05,98c4a29a24f0fe3af7387e67e3c1a8587c493f5138baf45e868174695a46d299
final,ap_cp_r1,P,P,1,402,canary_eval_c,0.0005261545806459838,7.163095423408456e-05,1743ef13ca30bbe350467e23fc2d7817c25c49d655b3da6b78d0eddcc6ced0ce
final,ap_cp_r1,P,P,1,402,canary_eval_d,0.00019030307952484405,5.613453944540477e-05,bdcb43e8ad5fac67b54a55a0ec5bcb52042e39f517ae4d04066e5c5e1828ed2e
final,ap_cp_r1,P,P,1,403,canary_eval_a,0.000327043577737792,6.423601536152648e-05,7254523b2094612e696ad61004baf49c982f2b7203412c9aa0bc88d79df32b17
final,ap_cp_r1,P,P,1,403,canary_eval_b,0.0008338504807808469,6.219918657034585e-05,2ae0c223641f829674acefcb13af7b83264c861f5cca9d2b58e04c4bf5d881f2
final,ap_cp_r1,P,P,1,403,canary_eval_c,0.0007067837541574489,9.668699755348466e-05,e1dde808f7900efd5dcecea18b4425125af0239f99aa24c1a92e9de2f8b4cb46
final,ap_cp_r1,P,P,1,403,canary_eval_d,0.00028940609430396966,7.65446550794007e-05,99fa60baaee978988342717eee708367a8b8c9428633aa099524623eeb630d68
final,ap_cp_r1,P,P,1,404,canary_eval_a,0.0007000329137284986,0.00014516376808135288,07a206ba2954b99bdfc2d71deb35d4ac82fdc452d302b52cfd497a268e5a3314
final,ap_cp_r1,P,P,1,404,canary_eval_b,0.0009339186887250346,0.00014689028555272721,49ec0b34236903dfa08d68bb6253a33a0f85fac16f4d93f8ba812f23e839b5c6
final,ap_cp_r1,P,P,1,404,canary_eval_c,0.0006859176784401842,0.00013611700359096295,bdc0e604b626638f1d292e3b8de5b763521a17c3b36ecbd88b30d64b99c4fb4b
final,ap_cp_r1,P,P,1,404,canary_eval_d,0.0003899153623043922,0.00012446219086199352,bafc2c186dee33e9d04169e9ea9fa7c2a7f8d99236f095c48b74d2f7f63cedb5
final,ap_cp_r1,P,P,1,405,canary_eval_a,0.0003208998763473709,9.219360854464766e-05,4ffd4033b4e51f0bb89461e79d47ec910dab537d965797f75eb42ea9e7d36113
final,ap_cp_r1,P,P,1,405,canary_eval_b,0.0005194775674786176,9.850826602417492e-05,ffccaddb72040eb099467a9080d9003567212af2dd2555547bee150fee70b956
final,ap_cp_r1,P,P,1,405,canary_eval_c,0.0005957907190103292,8.446268903014612e-05,cbcb332e278099408a17c80f3ecbceb9aebe4c373d383250aba55f139ee759ce
final,ap_cp_r1,P,P,1,405,canary_eval_d,0.0002462261853817037,9.521711365524812e-05,a1e1f2043a2a911ddabb26d3c8e44e75c5641ec0638117aeed56a7fdae3b8d69
final,ap_cp_r1,P,P,1,406,canary_eval_a,0.000408336510644793,0.00010376630946830766,0780fa7b0530c0ebf36dd57138920d7ee2690cf487199f78af7a88f5afe0d431
final,ap_cp_r1,P,P,1,406,canary_eval_b,0.001030375503813722,0.00011326344305139237,f3a799c779be36405b2fc5aca8dd582725ed49ef3b94ae331c4e1a853075e39e
final,ap_cp_r1,P,P,1,406,canary_eval_c,0.0006938030697842897,0.00014798399973149116,5289edd3f3dc59406aaae57e67906e9642d19fa434819d08449bf730c97708d3
final,ap_cp_r1,P,P,1,406,canary_eval_d,0.0002599376085254363,0.00010254894495156385,00c71836de01900e5739d2705ac1331961ae6e8e140c04e271a3dd4cae4430d2
